Hackett_Genes_NumErrAlns_NoOutliers,aca,0,0.905210,0,153,8,153,0,193,0,0,182264,181,84,92,182100
Hackett_Genes_NumErrAlns_NoOutliers,aca,0,0.905210,0,153,8,153,1,193,0,0,182264,196,104,72,182085
Hackett_Genes_NumErrAlns_NoOutliers,aca,0,0.905210,0,153,8,153,2,193,0,0,182264,188,44,132,182093
Hackett_Genes_NumErrAlns_NoOutliers,aca,0,0.905210,0,153,8,153,3,193,0,0,182264,184,51,125,182097
Hackett_Genes_NumErrAlns_NoOutliers,aca,0,0.905210,0,153,8,153,4,193,0,0,182264,195,23,153,182086
Hackett_Genes_NumErrAlns_NoOutliers,aca,0,0.905210,0,153,8,50,0,193,0,0,182264,184,50,302,181921
Hackett_Genes_NumErrAlns_NoOutliers,aca,0,0.905210,0,153,8,50,1,193,0,0,182264,221,28,324,181884
Hackett_Genes_NumErrAlns_NoOutliers,aca,0,0.905210,0,153,8,50,2,193,0,0,182264,206,148,204,181899
Hackett_Genes_NumErrAlns_NoOutliers,aca,0,0.905210,0,153,8,50,3,193,0,0,182264,181,104,248,181924
Hackett_Genes_NumErrAlns_NoOutliers,aca,0,0.905210,0,153,8,50,4,193,0,0,182264,199,115,237,181906
Hackett_Genes_NumErrAlns_NoOutliers,aca,0,0.905210,0,153,8,20,0,193,0,0,182264,237,116,588,181516
Hackett_Genes_NumErrAlns_NoOutliers,aca,0,0.905210,0,153,8,20,1,193,0,0,182264,162,190,514,181591
Hackett_Genes_NumErrAlns_NoOutliers,aca,0,0.905210,0,153,8,20,2,193,0,0,182264,205,24,152,182076
Hackett_Genes_NumErrAlns_NoOutliers,aca,0,0.905210,0,153,8,20,3,193,0,0,182264,217,115,589,181536
Hackett_Genes_NumErrAlns_NoOutliers,aca,0,0.905210,0,153,8,20,4,193,0,0,182264,240,152,552,181513
Hackett_Genes_NumErrAlns_NoOutliers,aca,0,0.905210,0,153,8,10,0,193,0,0,182264,203,174,1234,180846
Hackett_Genes_NumErrAlns_NoOutliers,aca,0,0.905210,0,153,8,10,1,193,0,0,182264,242,179,1229,180807
Hackett_Genes_NumErrAlns_NoOutliers,aca,0,0.905210,0,153,8,10,2,193,0,0,182264,197,346,1062,180852
Hackett_Genes_NumErrAlns_NoOutliers,aca,0,0.905210,0,153,8,10,3,193,0,0,182264,250,172,1236,180799
Hackett_Genes_NumErrAlns_NoOutliers,aca,0,0.905210,0,153,8,10,4,193,0,0,182264,192,376,1032,180857
Hackett_Genes_NumErrAlns_NoOutliers,aca,0,0.905210,0,153,8,5,0,193,0,0,182264,174,161,367,181755
Hackett_Genes_NumErrAlns_NoOutliers,aca,0,0.905210,0,153,8,5,1,193,0,0,182264,212,297,759,181189
Hackett_Genes_NumErrAlns_NoOutliers,aca,0,0.905210,0,153,8,5,2,193,0,0,182264,168,145,383,181761
Hackett_Genes_NumErrAlns_NoOutliers,aca,0,0.905210,0,153,8,5,3,193,0,0,182264,214,249,1423,180571
Hackett_Genes_NumErrAlns_NoOutliers,aca,0,0.905210,0,153,8,5,4,193,0,0,182264,194,17,71,182175
Hackett_Genes_NumErrAlns_NoOutliers,ALD,0,0.75251,0,159,8,159,0,591,0,0,322604,598,2,174,322421
Hackett_Genes_NumErrAlns_NoOutliers,ALD,0,0.75251,0,159,8,159,1,591,0,0,322604,573,35,141,322446
Hackett_Genes_NumErrAlns_NoOutliers,ALD,0,0.75251,0,159,8,159,2,591,0,0,322604,574,70,106,322445
Hackett_Genes_NumErrAlns_NoOutliers,ALD,0,0.75251,0,159,8,159,3,591,0,0,322604,587,48,128,322432
Hackett_Genes_NumErrAlns_NoOutliers,ALD,0,0.75251,0,159,8,159,4,591,0,0,322604,551,55,121,322468
Hackett_Genes_NumErrAlns_NoOutliers,ALD,0,0.75251,0,159,8,50,0,591,0,0,322604,585,100,252,322258
Hackett_Genes_NumErrAlns_NoOutliers,ALD,0,0.75251,0,159,8,50,1,591,0,0,322604,576,169,183,322267
Hackett_Genes_NumErrAlns_NoOutliers,ALD,0,0.75251,0,159,8,50,2,591,0,0,322604,594,128,224,322249
Hackett_Genes_NumErrAlns_NoOutliers,ALD,0,0.75251,0,159,8,50,3,591,0,0,322604,639,13,339,322204
Hackett_Genes_NumErrAlns_NoOutliers,ALD,0,0.75251,0,159,8,50,4,591,0,0,322604,596,67,285,322247
Hackett_Genes_NumErrAlns_NoOutliers,ALD,0,0.75251,0,159,8,20,0,591,0,0,322604,582,57,647,321909
Hackett_Genes_NumErrAlns_NoOutliers,ALD,0,0.75251,0,159,8,20,1,591,0,0,322604,580,320,384,321911
Hackett_Genes_NumErrAlns_NoOutliers,ALD,0,0.75251,0,159,8,20,2,591,0,0,322604,603,204,500,321888
Hackett_Genes_NumErrAlns_NoOutliers,ALD,0,0.75251,0,159,8,20,3,591,0,0,322604,590,320,384,321901
Hackett_Genes_NumErrAlns_NoOutliers,ALD,0,0.75251,0,159,8,20,4,591,0,0,322604,531,200,504,321960
Hackett_Genes_NumErrAlns_NoOutliers,ALD,0,0.75251,0,159,8,10,0,591,0,0,322604,674,351,1057,321113
Hackett_Genes_NumErrAlns_NoOutliers,ALD,0,0.75251,0,159,8,10,1,591,0,0,322604,508,490,918,321279
Hackett_Genes_NumErrAlns_NoOutliers,ALD,0,0.75251,0,159,8,10,2,591,0,0,322604,545,59,205,322386
Hackett_Genes_NumErrAlns_NoOutliers,ALD,0,0.75251,0,159,8,10,3,591,0,0,322604,557,380,1028,321230
Hackett_Genes_NumErrAlns_NoOutliers,ALD,0,0.75251,0,159,8,10,4,591,0,0,322604,585,172,1236,321202
Hackett_Genes_NumErrAlns_NoOutliers,ALD,0,0.75251,0,159,8,5,0,591,0,0,322604,604,15,161,322415
Hackett_Genes_NumErrAlns_NoOutliers,ALD,0,0.75251,0,159,8,5,1,591,0,0,322604,653,639,2177,319726
Hackett_Genes_NumErrAlns_NoOutliers,ALD,0,0.75251,0,159,8,5,2,591,0,0,322604,593,123,493,321986
Hackett_Genes_NumErrAlns_NoOutliers,ALD,0,0.75251,0,159,8,5,3,591,0,0,322604,589,570,1190,320846
Hackett_Genes_NumErrAlns_NoOutliers,ALD,0,0.75251,0,159,8,5,4,591,0,0,322604,625,167,449,321954
Hackett_Genes_NumErrAlns_NoOutliers,BDNF,0,0.3974599,0,169,8,169,0,0,0,0,116377,2,20,156,116199
Hackett_Genes_NumErrAlns_NoOutliers,BDNF,0,0.3974599,0,169,8,169,1,0,0,0,116377,11,14,162,116190
Hackett_Genes_NumErrAlns_NoOutliers,BDNF,0,0.3974599,0,169,8,169,2,0,0,0,116377,10,21,155,116191
Hackett_Genes_NumErrAlns_NoOutliers,BDNF,0,0.3974599,0,169,8,169,3,0,0,0,116377,18,4,172,116183
Hackett_Genes_NumErrAlns_NoOutliers,BDNF,0,0.3974599,0,169,8,169,4,0,0,0,116377,10,0,176,116191
Hackett_Genes_NumErrAlns_NoOutliers,BDNF,0,0.3974599,0,169,8,50,0,0,0,0,116377,27,31,321,115998
Hackett_Genes_NumErrAlns_NoOutliers,BDNF,0,0.3974599,0,169,8,50,1,0,0,0,116377,19,52,300,116006
Hackett_Genes_NumErrAlns_NoOutliers,BDNF,0,0.3974599,0,169,8,50,2,0,0,0,116377,17,40,312,116008
Hackett_Genes_NumErrAlns_NoOutliers,BDNF,0,0.3974599,0,169,8,50,3,0,0,0,116377,17,39,313,116008
Hackett_Genes_NumErrAlns_NoOutliers,BDNF,0,0.3974599,0,169,8,50,4,0,0,0,116377,30,7,345,115995
Hackett_Genes_NumErrAlns_NoOutliers,BDNF,0,0.3974599,0,169,8,20,0,0,0,0,116377,49,40,752,115536
Hackett_Genes_NumErrAlns_NoOutliers,BDNF,0,0.3974599,0,169,8,20,1,0,0,0,116377,76,25,767,115509
Hackett_Genes_NumErrAlns_NoOutliers,BDNF,0,0.3974599,0,169,8,20,2,0,0,0,116377,10,30,146,116191
Hackett_Genes_NumErrAlns_NoOutliers,BDNF,0,0.3974599,0,169,8,20,3,0,0,0,116377,74,27,765,115511
Hackett_Genes_NumErrAlns_NoOutliers,BDNF,0,0.3974599,0,169,8,20,4,0,0,0,116377,55,70,722,115530
Hackett_Genes_NumErrAlns_NoOutliers,BDNF,0,0.3974599,0,169,8,10,0,0,0,0,116377,50,125,931,115271
Hackett_Genes_NumErrAlns_NoOutliers,BDNF,0,0.3974599,0,169,8,10,1,0,0,0,116377,130,80,1416,114751
Hackett_Genes_NumErrAlns_NoOutliers,BDNF,0,0.3974599,0,169,8,10,2,0,0,0,116377,89,61,1083,115144
Hackett_Genes_NumErrAlns_NoOutliers,BDNF,0,0.3974599,0,169,8,10,3,0,0,0,116377,133,68,1428,114748
Hackett_Genes_NumErrAlns_NoOutliers,BDNF,0,0.3974599,0,169,8,10,4,0,0,0,116377,94,226,1270,114787
Hackett_Genes_NumErrAlns_NoOutliers,BDNF,0,0.3974599,0,169,8,5,0,0,0,0,116377,7,15,161,116194
Hackett_Genes_NumErrAlns_NoOutliers,BDNF,0,0.3974599,0,169,8,5,1,0,0,0,116377,36,39,489,115813
Hackett_Genes_NumErrAlns_NoOutliers,BDNF,0,0.3974599,0,169,8,5,2,0,0,0,116377,15,43,397,115922
Hackett_Genes_NumErrAlns_NoOutliers,BDNF,0,0.3974599,0,169,8,5,3,0,0,0,116377,19,0,264,116094
Hackett_Genes_NumErrAlns_NoOutliers,BDNF,0,0.3974599,0,169,8,5,4,0,0,0,116377,11,11,253,116102
Hackett_Genes_NumErrAlns_NoOutliers,CHC,0,0.80535,0,167wq,8,167,0,545,0,0,277506,557,4,172,277318
Hackett_Genes_NumErrAlns_NoOutliers,CHC,0,0.80535,0,167wq,8,167,1,545,0,0,277506,563,0,176,277312
Hackett_Genes_NumErrAlns_NoOutliers,CHC,0,0.80535,0,167wq,8,167,2,545,0,0,277506,559,13,163,277316
Hackett_Genes_NumErrAlns_NoOutliers,CHC,0,0.80535,0,167wq,8,167,3,545,0,0,277506,533,64,112,277342
Hackett_Genes_NumErrAlns_NoOutliers,CHC,0,0.80535,0,167wq,8,167,4,545,0,0,277506,555,80,96,277320
Hackett_Genes_NumErrAlns_NoOutliers,CHC,0,0.80535,0,167wq,8,50,0,545,0,0,277506,490,91,261,277209
Hackett_Genes_NumErrAlns_NoOutliers,CHC,0,0.80535,0,167wq,8,50,1,545,0,0,277506,567,81,271,277132
Hackett_Genes_NumErrAlns_NoOutliers,CHC,0,0.80535,0,167wq,8,50,2,545,0,0,277506,516,150,202,277183
Hackett_Genes_NumErrAlns_NoOutliers,CHC,0,0.80535,0,167wq,8,50,3,545,0,0,277506,507,120,232,277192
Hackett_Genes_NumErrAlns_NoOutliers,CHC,0,0.80535,0,167wq,8,50,4,545,0,0,277506,521,8,344,277178
Hackett_Genes_NumErrAlns_NoOutliers,CHC,0,0.80535,0,167wq,8,20,0,545,0,0,277506,444,109,683,276815
Hackett_Genes_NumErrAlns_NoOutliers,CHC,0,0.80535,0,167wq,8,20,1,545,0,0,277506,548,60,292,277151
Hackett_Genes_NumErrAlns_NoOutliers,CHC,0,0.80535,0,167wq,8,20,2,545,0,0,277506,539,33,231,277248
Hackett_Genes_NumErrAlns_NoOutliers,CHC,0,0.80535,0,167wq,8,20,3,545,0,0,277506,462,124,668,276797
Hackett_Genes_NumErrAlns_NoOutliers,CHC,0,0.80535,0,167wq,8,20,4,545,0,0,277506,496,91,349,277115
Hackett_Genes_NumErrAlns_NoOutliers,CHC,0,0.80535,0,167wq,8,10,0,545,0,0,277506,491,170,1326,276064
Hackett_Genes_NumErrAlns_NoOutliers,CHC,0,0.80535,0,167wq,8,10,1,545,0,0,277506,445,222,1274,276110
Hackett_Genes_NumErrAlns_NoOutliers,CHC,0,0.80535,0,167wq,8,10,2,545,0,0,277506,513,230,1266,276042
Hackett_Genes_NumErrAlns_NoOutliers,CHC,0,0.80535,0,167wq,8,10,3,545,0,0,277506,543,156,900,276452
Hackett_Genes_NumErrAlns_NoOutliers,CHC,0,0.80535,0,167wq,8,10,4,545,0,0,277506,567,199,505,276780
Hackett_Genes_NumErrAlns_NoOutliers,CHC,0,0.80535,0,167wq,8,5,0,545,0,0,277506,567,48,304,277132
Hackett_Genes_NumErrAlns_NoOutliers,CHC,0,0.80535,0,167wq,8,5,1,545,0,0,277506,678,559,2433,274381
Hackett_Genes_NumErrAlns_NoOutliers,CHC,0,0.80535,0,167wq,8,5,2,545,0,0,277506,510,22,154,277365
Hackett_Genes_NumErrAlns_NoOutliers,CHC,0,0.80535,0,167wq,8,5,3,545,0,0,277506,545,11,77,277418
Hackett_Genes_NumErrAlns_NoOutliers,CHC,0,0.80535,0,167wq,8,5,4,545,0,0,277506,516,236,1084,276215
Hackett_Genes_NumErrAlns_NoOutliers,CMYC,0,0.50485,0,166,8,166,0,157,0,0,207947,162,67,109,207766
Hackett_Genes_NumErrAlns_NoOutliers,CMYC,0,0.50485,0,166,8,166,1,157,0,0,207947,166,104,72,207762
Hackett_Genes_NumErrAlns_NoOutliers,CMYC,0,0.50485,0,166,8,166,2,157,0,0,207947,157,91,85,207771
Hackett_Genes_NumErrAlns_NoOutliers,CMYC,0,0.50485,0,166,8,166,3,157,0,0,207947,168,69,107,207760
Hackett_Genes_NumErrAlns_NoOutliers,CMYC,0,0.50485,0,166,8,166,4,157,0,0,207947,162,43,133,207766
Hackett_Genes_NumErrAlns_NoOutliers,CMYC,0,0.50485,0,166,8,50,0,157,0,0,207947,169,107,245,207583
Hackett_Genes_NumErrAlns_NoOutliers,CMYC,0,0.50485,0,166,8,50,1,157,0,0,207947,174,97,255,207578
Hackett_Genes_NumErrAlns_NoOutliers,CMYC,0,0.50485,0,166,8,50,2,157,0,0,207947,170,49,303,207582
Hackett_Genes_NumErrAlns_NoOutliers,CMYC,0,0.50485,0,166,8,50,3,157,0,0,207947,194,60,292,207558
Hackett_Genes_NumErrAlns_NoOutliers,CMYC,0,0.50485,0,166,8,50,4,157,0,0,207947,170,60,292,207582
Hackett_Genes_NumErrAlns_NoOutliers,CMYC,0,0.50485,0,166,8,20,0,157,0,0,207947,174,0,176,207754
Hackett_Genes_NumErrAlns_NoOutliers,CMYC,0,0.50485,0,166,8,20,1,157,0,0,207947,162,93,259,207590
Hackett_Genes_NumErrAlns_NoOutliers,CMYC,0,0.50485,0,166,8,20,2,157,0,0,207947,201,156,636,207111
Hackett_Genes_NumErrAlns_NoOutliers,CMYC,0,0.50485,0,166,8,20,3,157,0,0,207947,167,131,573,207233
Hackett_Genes_NumErrAlns_NoOutliers,CMYC,0,0.50485,0,166,8,20,4,157,0,0,207947,154,94,346,207510
Hackett_Genes_NumErrAlns_NoOutliers,CMYC,0,0.50485,0,166,8,10,0,157,0,0,207947,210,283,1213,206398
Hackett_Genes_NumErrAlns_NoOutliers,CMYC,0,0.50485,0,166,8,10,1,157,0,0,207947,177,3,261,207663
Hackett_Genes_NumErrAlns_NoOutliers,CMYC,0,0.50485,0,166,8,10,2,157,0,0,207947,157,20,68,207859
Hackett_Genes_NumErrAlns_NoOutliers,CMYC,0,0.50485,0,166,8,10,3,157,0,0,207947,236,256,1240,206372
Hackett_Genes_NumErrAlns_NoOutliers,CMYC,0,0.50485,0,166,8,10,4,157,0,0,207947,180,216,1280,206428
Hackett_Genes_NumErrAlns_NoOutliers,CMYC,0,0.50485,0,166,8,5,0,157,0,0,207947,158,119,57,207770
Hackett_Genes_NumErrAlns_NoOutliers,CMYC,0,0.50485,0,166,8,5,1,157,0,0,207947,180,322,822,206780
Hackett_Genes_NumErrAlns_NoOutliers,CMYC,0,0.50485,0,166,8,5,2,157,0,0,207947,182,83,357,207482
Hackett_Genes_NumErrAlns_NoOutliers,CMYC,0,0.50485,0,166,8,5,3,157,0,0,207947,166,224,304,207410
Hackett_Genes_NumErrAlns_NoOutliers,CMYC,0,0.50485,0,166,8,5,4,157,0,0,207947,165,141,299,207499
Hackett_Genes_NumErrAlns_NoOutliers,concatenation,0,0.73298,0,169,8,169,0,4714,0,0,3538943,4718,13,163,3538763
Hackett_Genes_NumErrAlns_NoOutliers,concatenation,0,0.73298,0,169,8,169,1,4714,0,0,3538943,4717,10,166,3538764
Hackett_Genes_NumErrAlns_NoOutliers,concatenation,0,0.73298,0,169,8,169,2,4714,0,0,3538943,4687,96,80,3538794
Hackett_Genes_NumErrAlns_NoOutliers,concatenation,0,0.73298,0,169,8,169,3,4714,0,0,3538943,4631,0,176,3538850
Hackett_Genes_NumErrAlns_NoOutliers,concatenation,0,0.73298,0,169,8,169,4,4714,0,0,3538943,4574,0,176,3538907
Hackett_Genes_NumErrAlns_NoOutliers,concatenation,0,0.73298,0,169,8,50,0,4714,0,0,3538943,4422,65,287,3538883
Hackett_Genes_NumErrAlns_NoOutliers,concatenation,0,0.73298,0,169,8,50,1,4714,0,0,3538943,4700,46,306,3538605
Hackett_Genes_NumErrAlns_NoOutliers,concatenation,0,0.73298,0,169,8,50,2,4714,0,0,3538943,4722,53,299,3538583
Hackett_Genes_NumErrAlns_NoOutliers,concatenation,0,0.73298,0,169,8,50,3,4714,0,0,3538943,4605,68,284,3538700
Hackett_Genes_NumErrAlns_NoOutliers,concatenation,0,0.73298,0,169,8,50,4,4714,0,0,3538943,4739,83,269,3538566
Hackett_Genes_NumErrAlns_NoOutliers,concatenation,0,0.73298,0,169,8,20,0,4714,0,0,3538943,4626,170,622,3538239
Hackett_Genes_NumErrAlns_NoOutliers,concatenation,0,0.73298,0,169,8,20,1,4714,0,0,3538943,4634,44,572,3538407
Hackett_Genes_NumErrAlns_NoOutliers,concatenation,0,0.73298,0,169,8,20,2,4714,0,0,3538943,4696,147,645,3538169
Hackett_Genes_NumErrAlns_NoOutliers,concatenation,0,0.73298,0,169,8,20,3,4714,0,0,3538943,4296,106,686,3538569
Hackett_Genes_NumErrAlns_NoOutliers,concatenation,0,0.73298,0,169,8,20,4,4714,0,0,3538943,4559,90,702,3538306
Hackett_Genes_NumErrAlns_NoOutliers,concatenation,0,0.73298,0,169,8,10,0,4714,0,0,3538943,4588,330,1166,3537573
Hackett_Genes_NumErrAlns_NoOutliers,concatenation,0,0.73298,0,169,8,10,1,4714,0,0,3538943,4674,93,523,3538367
Hackett_Genes_NumErrAlns_NoOutliers,concatenation,0,0.73298,0,169,8,10,2,4714,0,0,3538943,4323,480,1016,3537838
Hackett_Genes_NumErrAlns_NoOutliers,concatenation,0,0.73298,0,169,8,10,3,4714,0,0,3538943,4612,65,551,3538429
Hackett_Genes_NumErrAlns_NoOutliers,concatenation,0,0.73298,0,169,8,10,4,4714,0,0,3538943,4421,187,1045,3538004
Hackett_Genes_NumErrAlns_NoOutliers,concatenation,0,0.73298,0,169,8,5,0,4714,0,0,3538943,4617,77,187,3538776
Hackett_Genes_NumErrAlns_NoOutliers,concatenation,0,0.73298,0,169,8,5,1,4714,0,0,3538943,4719,0,88,3538850
Hackett_Genes_NumErrAlns_NoOutliers,concatenation,0,0.73298,0,169,8,5,2,4714,0,0,3538943,4712,14,162,3538769
Hackett_Genes_NumErrAlns_NoOutliers,concatenation,0,0.73298,0,169,8,5,3,4714,0,0,3538943,4370,241,639,3538407
Hackett_Genes_NumErrAlns_NoOutliers,concatenation,0,0.73298,0,169,8,5,4,4714,0,0,3538943,4185,405,1883,3537184
Hackett_Genes_NumErrAlns_NoOutliers,DCOH,0,0.98849,0,163,8,163,0,256,0,0,165917,317,36,140,165680
Hackett_Genes_NumErrAlns_NoOutliers,DCOH,0,0.98849,0,163,8,163,1,256,0,0,165917,270,38,138,165727
Hackett_Genes_NumErrAlns_NoOutliers,DCOH,0,0.98849,0,163,8,163,2,256,0,0,165917,292,46,130,165705
Hackett_Genes_NumErrAlns_NoOutliers,DCOH,0,0.98849,0,163,8,163,3,256,0,0,165917,216,66,110,165781
Hackett_Genes_NumErrAlns_NoOutliers,DCOH,0,0.98849,0,163,8,163,4,256,0,0,165917,275,1,87,165810
Hackett_Genes_NumErrAlns_NoOutliers,DCOH,0,0.98849,0,163,8,50,0,256,0,0,165917,268,90,262,165553
Hackett_Genes_NumErrAlns_NoOutliers,DCOH,0,0.98849,0,163,8,50,1,256,0,0,165917,291,0,352,165530
Hackett_Genes_NumErrAlns_NoOutliers,DCOH,0,0.98849,0,163,8,50,2,256,0,0,165917,324,0,352,165497
Hackett_Genes_NumErrAlns_NoOutliers,DCOH,0,0.98849,0,163,8,50,3,256,0,0,165917,273,87,265,165548
Hackett_Genes_NumErrAlns_NoOutliers,DCOH,0,0.98849,0,163,8,50,4,256,0,0,165917,292,41,311,165529
Hackett_Genes_NumErrAlns_NoOutliers,DCOH,0,0.98849,0,163,8,20,0,256,0,0,165917,309,275,517,165072
Hackett_Genes_NumErrAlns_NoOutliers,DCOH,0,0.98849,0,163,8,20,1,256,0,0,165917,276,136,656,165105
Hackett_Genes_NumErrAlns_NoOutliers,DCOH,0,0.98849,0,163,8,20,2,256,0,0,165917,364,196,596,165017
Hackett_Genes_NumErrAlns_NoOutliers,DCOH,0,0.98849,0,163,8,20,3,256,0,0,165917,316,306,486,165065
Hackett_Genes_NumErrAlns_NoOutliers,DCOH,0,0.98849,0,163,8,20,4,256,0,0,165917,378,144,648,165003
Hackett_Genes_NumErrAlns_NoOutliers,DCOH,0,0.98849,0,163,8,10,0,256,0,0,165917,409,241,1255,164268
Hackett_Genes_NumErrAlns_NoOutliers,DCOH,0,0.98849,0,163,8,10,1,256,0,0,165917,337,293,1203,164340
Hackett_Genes_NumErrAlns_NoOutliers,DCOH,0,0.98849,0,163,8,10,2,256,0,0,165917,311,80,976,164806
Hackett_Genes_NumErrAlns_NoOutliers,DCOH,0,0.98849,0,163,8,10,3,256,0,0,165917,373,289,1207,164304
Hackett_Genes_NumErrAlns_NoOutliers,DCOH,0,0.98849,0,163,8,10,4,256,0,0,165917,383,209,1287,164294
Hackett_Genes_NumErrAlns_NoOutliers,DCOH,0,0.98849,0,163,8,5,0,256,0,0,165917,292,130,398,165353
Hackett_Genes_NumErrAlns_NoOutliers,DCOH,0,0.98849,0,163,8,5,1,256,0,0,165917,330,249,631,164963
Hackett_Genes_NumErrAlns_NoOutliers,DCOH,0,0.98849,0,163,8,5,2,256,0,0,165917,320,137,391,165325
Hackett_Genes_NumErrAlns_NoOutliers,DCOH,0,0.98849,0,163,8,5,3,256,0,0,165917,289,0,88,165796
Hackett_Genes_NumErrAlns_NoOutliers,DCOH,0,0.98849,0,163,8,5,4,256,0,0,165917,441,457,2007,163268
Hackett_Genes_NumErrAlns_NoOutliers,EEF,0,1.0915,0,166,8,166,0,812,0,0,297326,793,11,165,297169
Hackett_Genes_NumErrAlns_NoOutliers,EEF,0,1.0915,0,166,8,166,1,812,0,0,297326,815,12,164,297147
Hackett_Genes_NumErrAlns_NoOutliers,EEF,0,1.0915,0,166,8,166,2,812,0,0,297326,825,35,141,297137
Hackett_Genes_NumErrAlns_NoOutliers,EEF,0,1.0915,0,166,8,166,3,812,0,0,297326,811,13,163,297151
Hackett_Genes_NumErrAlns_NoOutliers,EEF,0,1.0915,0,166,8,166,4,812,0,0,297326,797,17,159,297165
Hackett_Genes_NumErrAlns_NoOutliers,EEF,0,1.0915,0,166,8,50,0,812,0,0,297326,835,65,287,296951
Hackett_Genes_NumErrAlns_NoOutliers,EEF,0,1.0915,0,166,8,50,1,812,0,0,297326,799,55,297,296987
Hackett_Genes_NumErrAlns_NoOutliers,EEF,0,1.0915,0,166,8,50,2,812,0,0,297326,760,121,231,297026
Hackett_Genes_NumErrAlns_NoOutliers,EEF,0,1.0915,0,166,8,50,3,812,0,0,297326,777,18,334,297009
Hackett_Genes_NumErrAlns_NoOutliers,EEF,0,1.0915,0,166,8,50,4,812,0,0,297326,820,39,313,296966
Hackett_Genes_NumErrAlns_NoOutliers,EEF,0,1.0915,0,166,8,20,0,812,0,0,297326,786,240,552,296560
Hackett_Genes_NumErrAlns_NoOutliers,EEF,0,1.0915,0,166,8,20,1,812,0,0,297326,782,286,506,296564
Hackett_Genes_NumErrAlns_NoOutliers,EEF,0,1.0915,0,166,8,20,2,812,0,0,297326,845,203,589,296501
Hackett_Genes_NumErrAlns_NoOutliers,EEF,0,1.0915,0,166,8,20,3,812,0,0,297326,797,80,448,296813
Hackett_Genes_NumErrAlns_NoOutliers,EEF,0,1.0915,0,166,8,20,4,812,0,0,297326,808,260,532,296538
Hackett_Genes_NumErrAlns_NoOutliers,EEF,0,1.0915,0,166,8,10,0,812,0,0,297326,827,241,463,296607
Hackett_Genes_NumErrAlns_NoOutliers,EEF,0,1.0915,0,166,8,10,1,812,0,0,297326,775,102,250,297011
Hackett_Genes_NumErrAlns_NoOutliers,EEF,0,1.0915,0,166,8,10,2,812,0,0,297326,793,128,312,296905
Hackett_Genes_NumErrAlns_NoOutliers,EEF,0,1.0915,0,166,8,10,3,812,0,0,297326,764,253,1243,295878
Hackett_Genes_NumErrAlns_NoOutliers,EEF,0,1.0915,0,166,8,10,4,812,0,0,297326,853,79,625,296581
Hackett_Genes_NumErrAlns_NoOutliers,EEF,0,1.0915,0,166,8,5,0,812,0,0,297326,814,33,143,297148
Hackett_Genes_NumErrAlns_NoOutliers,EEF,0,1.0915,0,166,8,5,1,812,0,0,297326,815,55,209,297059
Hackett_Genes_NumErrAlns_NoOutliers,EEF,0,1.0915,0,166,8,5,2,812,0,0,297326,789,95,521,296733
Hackett_Genes_NumErrAlns_NoOutliers,EEF,0,1.0915,0,166,8,5,3,812,0,0,297326,796,144,824,296374
Hackett_Genes_NumErrAlns_NoOutliers,EEF,0,1.0915,0,166,8,5,4,812,0,0,297326,762,318,1178,295880
Hackett_Genes_NumErrAlns_NoOutliers,EGR1,0,0.30016,0,169,8,169,0,0,0,0,264691,2,47,129,264513
Hackett_Genes_NumErrAlns_NoOutliers,EGR1,0,0.30016,0,169,8,169,1,0,0,0,264691,1,39,137,264514
Hackett_Genes_NumErrAlns_NoOutliers,EGR1,0,0.30016,0,169,8,169,2,0,0,0,264691,15,86,90,264500
Hackett_Genes_NumErrAlns_NoOutliers,EGR1,0,0.30016,0,169,8,169,3,0,0,0,264691,5,93,83,264510
Hackett_Genes_NumErrAlns_NoOutliers,EGR1,0,0.30016,0,169,8,169,4,0,0,0,264691,14,1,175,264501
Hackett_Genes_NumErrAlns_NoOutliers,EGR1,0,0.30016,0,169,8,50,0,0,0,0,264691,1,74,278,264338
Hackett_Genes_NumErrAlns_NoOutliers,EGR1,0,0.30016,0,169,8,50,1,0,0,0,264691,34,41,311,264305
Hackett_Genes_NumErrAlns_NoOutliers,EGR1,0,0.30016,0,169,8,50,2,0,0,0,264691,15,54,298,264324
Hackett_Genes_NumErrAlns_NoOutliers,EGR1,0,0.30016,0,169,8,50,3,0,0,0,264691,29,72,280,264310
Hackett_Genes_NumErrAlns_NoOutliers,EGR1,0,0.30016,0,169,8,50,4,0,0,0,264691,7,116,236,264332
Hackett_Genes_NumErrAlns_NoOutliers,EGR1,0,0.30016,0,169,8,20,0,0,0,0,264691,25,128,664,263874
Hackett_Genes_NumErrAlns_NoOutliers,EGR1,0,0.30016,0,169,8,20,1,0,0,0,264691,18,56,296,264321
Hackett_Genes_NumErrAlns_NoOutliers,EGR1,0,0.30016,0,169,8,20,2,0,0,0,264691,18,274,518,263881
Hackett_Genes_NumErrAlns_NoOutliers,EGR1,0,0.30016,0,169,8,20,3,0,0,0,264691,4,37,51,264599
Hackett_Genes_NumErrAlns_NoOutliers,EGR1,0,0.30016,0,169,8,20,4,0,0,0,264691,20,201,591,263879
Hackett_Genes_NumErrAlns_NoOutliers,EGR1,0,0.30016,0,169,8,10,0,0,0,0,264691,14,149,467,264061
Hackett_Genes_NumErrAlns_NoOutliers,EGR1,0,0.30016,0,169,8,10,1,0,0,0,264691,4,15,161,264511
Hackett_Genes_NumErrAlns_NoOutliers,EGR1,0,0.30016,0,169,8,10,2,0,0,0,264691,17,53,299,264322
Hackett_Genes_NumErrAlns_NoOutliers,EGR1,0,0.30016,0,169,8,10,3,0,0,0,264691,60,282,1214,263135
Hackett_Genes_NumErrAlns_NoOutliers,EGR1,0,0.30016,0,169,8,10,4,0,0,0,264691,54,204,1028,263405
Hackett_Genes_NumErrAlns_NoOutliers,EGR1,0,0.30016,0,169,8,5,0,0,0,0,264691,49,120,760,263762
Hackett_Genes_NumErrAlns_NoOutliers,EGR1,0,0.30016,0,169,8,5,1,0,0,0,264691,55,165,803,263668
Hackett_Genes_NumErrAlns_NoOutliers,EGR1,0,0.30016,0,169,8,5,2,0,0,0,264691,12,24,240,264415
Hackett_Genes_NumErrAlns_NoOutliers,EGR1,0,0.30016,0,169,8,5,3,0,0,0,264691,88,516,1948,262139
Hackett_Genes_NumErrAlns_NoOutliers,EGR1,0,0.30016,0,169,8,5,4,0,0,0,264691,14,52,300,264325
Hackett_Genes_NumErrAlns_NoOutliers,FIB,0,0.78427,0,169,8,169,0,299,0,0,400390,262,30,146,400251
Hackett_Genes_NumErrAlns_NoOutliers,FIB,0,0.78427,0,169,8,169,1,299,0,0,400390,311,29,147,400202
Hackett_Genes_NumErrAlns_NoOutliers,FIB,0,0.78427,0,169,8,169,2,299,0,0,400390,300,18,158,400213
Hackett_Genes_NumErrAlns_NoOutliers,FIB,0,0.78427,0,169,8,169,3,299,0,0,400390,310,4,172,400203
Hackett_Genes_NumErrAlns_NoOutliers,FIB,0,0.78427,0,169,8,169,4,299,0,0,400390,315,0,176,400198
Hackett_Genes_NumErrAlns_NoOutliers,FIB,0,0.78427,0,169,8,50,0,299,0,0,400390,315,55,297,400022
Hackett_Genes_NumErrAlns_NoOutliers,FIB,0,0.78427,0,169,8,50,1,299,0,0,400390,255,119,233,400082
Hackett_Genes_NumErrAlns_NoOutliers,FIB,0,0.78427,0,169,8,50,2,299,0,0,400390,306,49,303,400031
Hackett_Genes_NumErrAlns_NoOutliers,FIB,0,0.78427,0,169,8,50,3,299,0,0,400390,291,41,311,400046
Hackett_Genes_NumErrAlns_NoOutliers,FIB,0,0.78427,0,169,8,50,4,299,0,0,400390,332,3,349,400005
Hackett_Genes_NumErrAlns_NoOutliers,FIB,0,0.78427,0,169,8,20,0,299,0,0,400390,299,127,665,399598
Hackett_Genes_NumErrAlns_NoOutliers,FIB,0,0.78427,0,169,8,20,1,299,0,0,400390,324,67,725,399573
Hackett_Genes_NumErrAlns_NoOutliers,FIB,0,0.78427,0,169,8,20,2,299,0,0,400390,273,103,249,400064
Hackett_Genes_NumErrAlns_NoOutliers,FIB,0,0.78427,0,169,8,20,3,299,0,0,400390,243,183,609,399654
Hackett_Genes_NumErrAlns_NoOutliers,FIB,0,0.78427,0,169,8,20,4,299,0,0,400390,322,178,614,399575
Hackett_Genes_NumErrAlns_NoOutliers,FIB,0,0.78427,0,169,8,10,0,299,0,0,400390,281,171,533,399704
Hackett_Genes_NumErrAlns_NoOutliers,FIB,0,0.78427,0,169,8,10,1,299,0,0,400390,284,52,124,400229
Hackett_Genes_NumErrAlns_NoOutliers,FIB,0,0.78427,0,169,8,10,2,299,0,0,400390,375,202,1294,398818
Hackett_Genes_NumErrAlns_NoOutliers,FIB,0,0.78427,0,169,8,10,3,299,0,0,400390,265,114,150,400160
Hackett_Genes_NumErrAlns_NoOutliers,FIB,0,0.78427,0,169,8,10,4,299,0,0,400390,254,37,667,399731
Hackett_Genes_NumErrAlns_NoOutliers,FIB,0,0.78427,0,169,8,5,0,299,0,0,400390,357,209,935,399188
Hackett_Genes_NumErrAlns_NoOutliers,FIB,0,0.78427,0,169,8,5,1,299,0,0,400390,315,209,671,399494
Hackett_Genes_NumErrAlns_NoOutliers,FIB,0,0.78427,0,169,8,5,2,299,0,0,400390,326,88,616,399659
Hackett_Genes_NumErrAlns_NoOutliers,FIB,0,0.78427,0,169,8,5,3,299,0,0,400390,316,140,476,399757
Hackett_Genes_NumErrAlns_NoOutliers,FIB,0,0.78427,0,169,8,5,4,299,0,0,400390,297,137,303,399952
Hackett_Genes_NumErrAlns_NoOutliers,HMG,0,0.96817,0,71,8,71,0,562,0,0,116159,583,0,88,116050
Hackett_Genes_NumErrAlns_NoOutliers,HMG,0,0.96817,0,71,8,71,1,562,0,0,116159,514,12,164,116031
Hackett_Genes_NumErrAlns_NoOutliers,HMG,0,0.96817,0,71,8,71,2,562,0,0,116159,629,0,176,115916
Hackett_Genes_NumErrAlns_NoOutliers,HMG,0,0.96817,0,71,8,71,3,562,0,0,116159,590,84,92,115955
Hackett_Genes_NumErrAlns_NoOutliers,HMG,0,0.96817,0,71,8,71,4,562,0,0,116159,602,9,167,115943
Hackett_Genes_NumErrAlns_NoOutliers,HMG,0,0.96817,0,71,8,50,0,562,0,0,116159,564,107,69,115981
Hackett_Genes_NumErrAlns_NoOutliers,HMG,0,0.96817,0,71,8,50,1,562,0,0,116159,555,9,167,115990
Hackett_Genes_NumErrAlns_NoOutliers,HMG,0,0.96817,0,71,8,50,2,562,0,0,116159,605,18,158,115940
Hackett_Genes_NumErrAlns_NoOutliers,HMG,0,0.96817,0,71,8,50,3,562,0,0,116159,600,13,163,115945
Hackett_Genes_NumErrAlns_NoOutliers,HMG,0,0.96817,0,71,8,50,4,562,0,0,116159,619,7,169,115926
Hackett_Genes_NumErrAlns_NoOutliers,HMG,0,0.96817,0,71,8,20,0,562,0,0,116159,621,9,343,115748
Hackett_Genes_NumErrAlns_NoOutliers,HMG,0,0.96817,0,71,8,20,1,562,0,0,116159,522,131,221,115847
Hackett_Genes_NumErrAlns_NoOutliers,HMG,0,0.96817,0,71,8,20,2,562,0,0,116159,494,0,176,116051
Hackett_Genes_NumErrAlns_NoOutliers,HMG,0,0.96817,0,71,8,20,3,562,0,0,116159,546,110,242,115823
Hackett_Genes_NumErrAlns_NoOutliers,HMG,0,0.96817,0,71,8,20,4,562,0,0,116159,576,77,275,115793
Hackett_Genes_NumErrAlns_NoOutliers,HMG,0,0.96817,0,71,8,10,0,562,0,0,116159,448,57,647,115569
Hackett_Genes_NumErrAlns_NoOutliers,HMG,0,0.96817,0,71,8,10,1,562,0,0,116159,567,18,158,115978
Hackett_Genes_NumErrAlns_NoOutliers,HMG,0,0.96817,0,71,8,10,2,562,0,0,116159,641,55,385,115640
Hackett_Genes_NumErrAlns_NoOutliers,HMG,0,0.96817,0,71,8,10,3,562,0,0,116159,617,21,243,115840
Hackett_Genes_NumErrAlns_NoOutliers,HMG,0,0.96817,0,71,8,10,4,562,0,0,116159,400,141,563,115617
Hackett_Genes_NumErrAlns_NoOutliers,HMG,0,0.96817,0,71,8,5,0,562,0,0,116159,607,202,766,115146
Hackett_Genes_NumErrAlns_NoOutliers,HMG,0,0.96817,0,71,8,5,1,562,0,0,116159,609,238,1082,114792
Hackett_Genes_NumErrAlns_NoOutliers,HMG,0,0.96817,0,71,8,5,2,562,0,0,116159,612,250,894,114965
Hackett_Genes_NumErrAlns_NoOutliers,HMG,0,0.96817,0,71,8,5,3,562,0,0,116159,546,60,292,115823
Hackett_Genes_NumErrAlns_NoOutliers,HMG,0,0.96817,0,71,8,5,4,562,0,0,116159,647,0,176,115898
Hackett_Genes_NumErrAlns_NoOutliers,IRF2,0,0.8015,0,162,8,162,0,19,0,0,98878,35,16,160,98686
Hackett_Genes_NumErrAlns_NoOutliers,IRF2,0,0.8015,0,162,8,162,1,19,0,0,98878,26,28,148,98695
Hackett_Genes_NumErrAlns_NoOutliers,IRF2,0,0.8015,0,162,8,162,2,19,0,0,98878,26,1,175,98695
Hackett_Genes_NumErrAlns_NoOutliers,IRF2,0,0.8015,0,162,8,162,3,19,0,0,98878,21,38,138,98700
Hackett_Genes_NumErrAlns_NoOutliers,IRF2,0,0.8015,0,162,8,162,4,19,0,0,98878,23,28,148,98698
Hackett_Genes_NumErrAlns_NoOutliers,IRF2,0,0.8015,0,162,8,50,0,19,0,0,98878,13,58,294,98532
Hackett_Genes_NumErrAlns_NoOutliers,IRF2,0,0.8015,0,162,8,50,1,19,0,0,98878,48,40,312,98497
Hackett_Genes_NumErrAlns_NoOutliers,IRF2,0,0.8015,0,162,8,50,2,19,0,0,98878,39,48,304,98506
Hackett_Genes_NumErrAlns_NoOutliers,IRF2,0,0.8015,0,162,8,50,3,19,0,0,98878,29,104,248,98516
Hackett_Genes_NumErrAlns_NoOutliers,IRF2,0,0.8015,0,162,8,50,4,19,0,0,98878,50,60,292,98495
Hackett_Genes_NumErrAlns_NoOutliers,IRF2,0,0.8015,0,162,8,20,0,19,0,0,98878,42,84,444,98327
Hackett_Genes_NumErrAlns_NoOutliers,IRF2,0,0.8015,0,162,8,20,1,19,0,0,98878,72,101,691,98033
Hackett_Genes_NumErrAlns_NoOutliers,IRF2,0,0.8015,0,162,8,20,2,19,0,0,98878,79,142,650,98026
Hackett_Genes_NumErrAlns_NoOutliers,IRF2,0,0.8015,0,162,8,20,3,19,0,0,98878,53,174,618,98052
Hackett_Genes_NumErrAlns_NoOutliers,IRF2,0,0.8015,0,162,8,20,4,19,0,0,98878,38,54,474,98331
Hackett_Genes_NumErrAlns_NoOutliers,IRF2,0,0.8015,0,162,8,10,0,19,0,0,98878,77,113,767,97940
Hackett_Genes_NumErrAlns_NoOutliers,IRF2,0,0.8015,0,162,8,10,1,19,0,0,98878,127,138,1358,97274
Hackett_Genes_NumErrAlns_NoOutliers,IRF2,0,0.8015,0,162,8,10,2,19,0,0,98878,29,75,189,98604
Hackett_Genes_NumErrAlns_NoOutliers,IRF2,0,0.8015,0,162,8,10,3,19,0,0,98878,93,111,1385,97308
Hackett_Genes_NumErrAlns_NoOutliers,IRF2,0,0.8015,0,162,8,10,4,19,0,0,98878,57,114,590,98136
Hackett_Genes_NumErrAlns_NoOutliers,IRF2,0,0.8015,0,162,8,5,0,19,0,0,98878,79,90,614,98114
Hackett_Genes_NumErrAlns_NoOutliers,IRF2,0,0.8015,0,162,8,5,1,19,0,0,98878,89,90,790,97928
Hackett_Genes_NumErrAlns_NoOutliers,IRF2,0,0.8015,0,162,8,5,2,19,0,0,98878,19,31,57,98790
Hackett_Genes_NumErrAlns_NoOutliers,IRF2,0,0.8015,0,162,8,5,3,19,0,0,98878,24,15,73,98785
Hackett_Genes_NumErrAlns_NoOutliers,IRF2,0,0.8015,0,162,8,5,4,19,0,0,98878,77,51,389,98380
Hackett_Genes_NumErrAlns_NoOutliers,MUSK,0,0.5888499,0,155,8,155,0,72,0,0,99159,76,31,145,98979
Hackett_Genes_NumErrAlns_NoOutliers,MUSK,0,0.5888499,0,155,8,155,1,72,0,0,99159,72,18,158,98983
Hackett_Genes_NumErrAlns_NoOutliers,MUSK,0,0.5888499,0,155,8,155,2,72,0,0,99159,77,66,110,98978
Hackett_Genes_NumErrAlns_NoOutliers,MUSK,0,0.5888499,0,155,8,155,3,72,0,0,99159,74,83,93,98981
Hackett_Genes_NumErrAlns_NoOutliers,MUSK,0,0.5888499,0,155,8,155,4,72,0,0,99159,77,24,152,98978
Hackett_Genes_NumErrAlns_NoOutliers,MUSK,0,0.5888499,0,155,8,50,0,72,0,0,99159,93,20,332,98786
Hackett_Genes_NumErrAlns_NoOutliers,MUSK,0,0.5888499,0,155,8,50,1,72,0,0,99159,100,59,293,98779
Hackett_Genes_NumErrAlns_NoOutliers,MUSK,0,0.5888499,0,155,8,50,2,72,0,0,99159,105,77,275,98774
Hackett_Genes_NumErrAlns_NoOutliers,MUSK,0,0.5888499,0,155,8,50,3,72,0,0,99159,84,130,222,98795
Hackett_Genes_NumErrAlns_NoOutliers,MUSK,0,0.5888499,0,155,8,50,4,72,0,0,99159,98,87,265,98781
Hackett_Genes_NumErrAlns_NoOutliers,MUSK,0,0.5888499,0,155,8,20,0,72,0,0,99159,115,91,613,98412
Hackett_Genes_NumErrAlns_NoOutliers,MUSK,0,0.5888499,0,155,8,20,1,72,0,0,99159,77,201,503,98450
Hackett_Genes_NumErrAlns_NoOutliers,MUSK,0,0.5888499,0,155,8,20,2,72,0,0,99159,114,72,632,98413
Hackett_Genes_NumErrAlns_NoOutliers,MUSK,0,0.5888499,0,155,8,20,3,72,0,0,99159,120,226,478,98407
Hackett_Genes_NumErrAlns_NoOutliers,MUSK,0,0.5888499,0,155,8,20,4,72,0,0,99159,137,165,539,98390
Hackett_Genes_NumErrAlns_NoOutliers,MUSK,0,0.5888499,0,155,8,10,0,72,0,0,99159,175,286,1122,97648
Hackett_Genes_NumErrAlns_NoOutliers,MUSK,0,0.5888499,0,155,8,10,1,72,0,0,99159,112,94,698,98327
Hackett_Genes_NumErrAlns_NoOutliers,MUSK,0,0.5888499,0,155,8,10,2,72,0,0,99159,146,144,1264,97677
Hackett_Genes_NumErrAlns_NoOutliers,MUSK,0,0.5888499,0,155,8,10,3,72,0,0,99159,182,221,1187,97641
Hackett_Genes_NumErrAlns_NoOutliers,MUSK,0,0.5888499,0,155,8,10,4,72,0,0,99159,104,187,869,98071
Hackett_Genes_NumErrAlns_NoOutliers,MUSK,0,0.5888499,0,155,8,5,0,72,0,0,99159,106,138,566,98421
Hackett_Genes_NumErrAlns_NoOutliers,MUSK,0,0.5888499,0,155,8,5,1,72,0,0,99159,142,358,962,97769
Hackett_Genes_NumErrAlns_NoOutliers,MUSK,0,0.5888499,0,155,8,5,2,72,0,0,99159,191,222,1538,97280
Hackett_Genes_NumErrAlns_NoOutliers,MUSK,0,0.5888499,0,155,8,5,3,72,0,0,99159,60,49,303,98819
Hackett_Genes_NumErrAlns_NoOutliers,MUSK,0,0.5888499,0,155,8,5,4,72,0,0,99159,74,108,244,98805
Hackett_Genes_NumErrAlns_NoOutliers,MYO,0,0.4823099,0,163,8,163,0,24,0,0,117072,39,1,175,116881
Hackett_Genes_NumErrAlns_NoOutliers,MYO,0,0.4823099,0,163,8,163,1,24,0,0,117072,35,12,164,116885
Hackett_Genes_NumErrAlns_NoOutliers,MYO,0,0.4823099,0,163,8,163,2,24,0,0,117072,36,0,176,116884
Hackett_Genes_NumErrAlns_NoOutliers,MYO,0,0.4823099,0,163,8,163,3,24,0,0,117072,31,16,160,116889
Hackett_Genes_NumErrAlns_NoOutliers,MYO,0,0.4823099,0,163,8,163,4,24,0,0,117072,34,23,153,116886
Hackett_Genes_NumErrAlns_NoOutliers,MYO,0,0.4823099,0,163,8,50,0,24,0,0,117072,37,37,315,116707
Hackett_Genes_NumErrAlns_NoOutliers,MYO,0,0.4823099,0,163,8,50,1,24,0,0,117072,44,23,329,116700
Hackett_Genes_NumErrAlns_NoOutliers,MYO,0,0.4823099,0,163,8,50,2,24,0,0,117072,40,20,332,116704
Hackett_Genes_NumErrAlns_NoOutliers,MYO,0,0.4823099,0,163,8,50,3,24,0,0,117072,40,45,307,116704
Hackett_Genes_NumErrAlns_NoOutliers,MYO,0,0.4823099,0,163,8,50,4,24,0,0,117072,63,31,321,116681
Hackett_Genes_NumErrAlns_NoOutliers,MYO,0,0.4823099,0,163,8,20,0,24,0,0,117072,56,53,739,116248
Hackett_Genes_NumErrAlns_NoOutliers,MYO,0,0.4823099,0,163,8,20,1,24,0,0,117072,61,92,700,116243
Hackett_Genes_NumErrAlns_NoOutliers,MYO,0,0.4823099,0,163,8,20,2,24,0,0,117072,50,81,711,116254
Hackett_Genes_NumErrAlns_NoOutliers,MYO,0,0.4823099,0,163,8,20,3,24,0,0,117072,87,104,688,116217
Hackett_Genes_NumErrAlns_NoOutliers,MYO,0,0.4823099,0,163,8,20,4,24,0,0,117072,24,71,105,116896
Hackett_Genes_NumErrAlns_NoOutliers,MYO,0,0.4823099,0,163,8,10,0,24,0,0,117072,89,110,946,115951
Hackett_Genes_NumErrAlns_NoOutliers,MYO,0,0.4823099,0,163,8,10,1,24,0,0,117072,89,184,1312,115511
Hackett_Genes_NumErrAlns_NoOutliers,MYO,0,0.4823099,0,163,8,10,2,24,0,0,117072,97,131,1101,115767
Hackett_Genes_NumErrAlns_NoOutliers,MYO,0,0.4823099,0,163,8,10,3,24,0,0,117072,116,114,1382,115484
Hackett_Genes_NumErrAlns_NoOutliers,MYO,0,0.4823099,0,163,8,10,4,24,0,0,117072,88,171,885,115952
Hackett_Genes_NumErrAlns_NoOutliers,MYO,0,0.4823099,0,163,8,5,0,24,0,0,117072,27,1,87,116981
Hackett_Genes_NumErrAlns_NoOutliers,MYO,0,0.4823099,0,163,8,5,1,24,0,0,117072,26,57,295,116718
Hackett_Genes_NumErrAlns_NoOutliers,MYO,0,0.4823099,0,163,8,5,2,24,0,0,117072,85,34,846,116131
Hackett_Genes_NumErrAlns_NoOutliers,MYO,0,0.4823099,0,163,8,5,3,24,0,0,117072,94,242,1166,115594
Hackett_Genes_NumErrAlns_NoOutliers,MYO,0,0.4823099,0,163,8,5,4,24,0,0,117072,160,119,1553,115264
Hackett_Genes_NumErrAlns_NoOutliers,NGF,0,0.4679299,0,163,8,163,0,12,0,0,120528,18,65,111,120346
Hackett_Genes_NumErrAlns_NoOutliers,NGF,0,0.4679299,0,163,8,163,1,12,0,0,120528,20,11,165,120344
Hackett_Genes_NumErrAlns_NoOutliers,NGF,0,0.4679299,0,163,8,163,2,12,0,0,120528,20,27,149,120344
Hackett_Genes_NumErrAlns_NoOutliers,NGF,0,0.4679299,0,163,8,163,3,12,0,0,120528,19,33,143,120345
Hackett_Genes_NumErrAlns_NoOutliers,NGF,0,0.4679299,0,163,8,163,4,12,0,0,120528,28,12,164,120336
Hackett_Genes_NumErrAlns_NoOutliers,NGF,0,0.4679299,0,163,8,50,0,12,0,0,120528,21,116,236,120167
Hackett_Genes_NumErrAlns_NoOutliers,NGF,0,0.4679299,0,163,8,50,1,12,0,0,120528,24,64,288,120164
Hackett_Genes_NumErrAlns_NoOutliers,NGF,0,0.4679299,0,163,8,50,2,12,0,0,120528,19,56,296,120169
Hackett_Genes_NumErrAlns_NoOutliers,NGF,0,0.4679299,0,163,8,50,3,12,0,0,120528,14,84,268,120174
Hackett_Genes_NumErrAlns_NoOutliers,NGF,0,0.4679299,0,163,8,50,4,12,0,0,120528,21,89,263,120167
Hackett_Genes_NumErrAlns_NoOutliers,NGF,0,0.4679299,0,163,8,20,0,12,0,0,120528,77,229,563,119671
Hackett_Genes_NumErrAlns_NoOutliers,NGF,0,0.4679299,0,163,8,20,1,12,0,0,120528,43,203,589,119705
Hackett_Genes_NumErrAlns_NoOutliers,NGF,0,0.4679299,0,163,8,20,2,12,0,0,120528,29,287,505,119719
Hackett_Genes_NumErrAlns_NoOutliers,NGF,0,0.4679299,0,163,8,20,3,12,0,0,120528,48,177,615,119700
Hackett_Genes_NumErrAlns_NoOutliers,NGF,0,0.4679299,0,163,8,20,4,12,0,0,120528,54,225,567,119694
Hackett_Genes_NumErrAlns_NoOutliers,NGF,0,0.4679299,0,163,8,10,0,12,0,0,120528,34,123,405,119978
Hackett_Genes_NumErrAlns_NoOutliers,NGF,0,0.4679299,0,163,8,10,1,12,0,0,120528,52,243,989,119256
Hackett_Genes_NumErrAlns_NoOutliers,NGF,0,0.4679299,0,163,8,10,2,12,0,0,120528,19,48,128,120345
Hackett_Genes_NumErrAlns_NoOutliers,NGF,0,0.4679299,0,163,8,10,3,12,0,0,120528,83,333,1163,118961
Hackett_Genes_NumErrAlns_NoOutliers,NGF,0,0.4679299,0,163,8,10,4,12,0,0,120528,80,268,1228,118964
Hackett_Genes_NumErrAlns_NoOutliers,NGF,0,0.4679299,0,163,8,5,0,12,0,0,120528,68,269,1051,119152
Hackett_Genes_NumErrAlns_NoOutliers,NGF,0,0.4679299,0,163,8,5,1,12,0,0,120528,48,224,832,119436
Hackett_Genes_NumErrAlns_NoOutliers,NGF,0,0.4679299,0,163,8,5,2,12,0,0,120528,32,254,714,119540
Hackett_Genes_NumErrAlns_NoOutliers,NGF,0,0.4679299,0,163,8,5,3,12,0,0,120528,12,56,32,120440
Hackett_Genes_NumErrAlns_NoOutliers,NGF,0,0.4679299,0,163,8,5,4,12,0,0,120528,17,254,274,119995
Hackett_Genes_NumErrAlns_NoOutliers,NT3,0,0.32486,0,163,8,163,0,0,0,0,118473,22,0,176,118275
Hackett_Genes_NumErrAlns_NoOutliers,NT3,0,0.32486,0,163,8,163,1,0,0,0,118473,9,27,149,118288
Hackett_Genes_NumErrAlns_NoOutliers,NT3,0,0.32486,0,163,8,163,2,0,0,0,118473,8,27,149,118289
Hackett_Genes_NumErrAlns_NoOutliers,NT3,0,0.32486,0,163,8,163,3,0,0,0,118473,8,55,121,118289
Hackett_Genes_NumErrAlns_NoOutliers,NT3,0,0.32486,0,163,8,163,4,0,0,0,118473,6,77,99,118291
Hackett_Genes_NumErrAlns_NoOutliers,NT3,0,0.32486,0,163,8,50,0,0,0,0,118473,18,4,348,118103
Hackett_Genes_NumErrAlns_NoOutliers,NT3,0,0.32486,0,163,8,50,1,0,0,0,118473,18,91,261,118103
Hackett_Genes_NumErrAlns_NoOutliers,NT3,0,0.32486,0,163,8,50,2,0,0,0,118473,22,44,308,118099
Hackett_Genes_NumErrAlns_NoOutliers,NT3,0,0.32486,0,163,8,50,3,0,0,0,118473,13,31,321,118108
Hackett_Genes_NumErrAlns_NoOutliers,NT3,0,0.32486,0,163,8,50,4,0,0,0,118473,23,9,343,118098
Hackett_Genes_NumErrAlns_NoOutliers,NT3,0,0.32486,0,163,8,20,0,0,0,0,118473,32,111,681,117649
Hackett_Genes_NumErrAlns_NoOutliers,NT3,0,0.32486,0,163,8,20,1,0,0,0,118473,18,12,340,118103
Hackett_Genes_NumErrAlns_NoOutliers,NT3,0,0.32486,0,163,8,20,2,0,0,0,118473,71,76,716,117610
Hackett_Genes_NumErrAlns_NoOutliers,NT3,0,0.32486,0,163,8,20,3,0,0,0,118473,34,184,608,117647
Hackett_Genes_NumErrAlns_NoOutliers,NT3,0,0.32486,0,163,8,20,4,0,0,0,118473,30,81,711,117651
Hackett_Genes_NumErrAlns_NoOutliers,NT3,0,0.32486,0,163,8,10,0,0,0,0,118473,28,103,689,117653
Hackett_Genes_NumErrAlns_NoOutliers,NT3,0,0.32486,0,163,8,10,1,0,0,0,118473,93,197,1299,116884
Hackett_Genes_NumErrAlns_NoOutliers,NT3,0,0.32486,0,163,8,10,2,0,0,0,118473,75,213,1283,116902
Hackett_Genes_NumErrAlns_NoOutliers,NT3,0,0.32486,0,163,8,10,3,0,0,0,118473,70,140,1356,116907
Hackett_Genes_NumErrAlns_NoOutliers,NT3,0,0.32486,0,163,8,10,4,0,0,0,118473,55,19,509,117890
Hackett_Genes_NumErrAlns_NoOutliers,NT3,0,0.32486,0,163,8,5,0,0,0,0,118473,44,146,998,117285
Hackett_Genes_NumErrAlns_NoOutliers,NT3,0,0.32486,0,163,8,5,1,0,0,0,118473,19,171,357,117926
Hackett_Genes_NumErrAlns_NoOutliers,NT3,0,0.32486,0,163,8,5,2,0,0,0,118473,13,0,176,118284
Hackett_Genes_NumErrAlns_NoOutliers,NT3,0,0.32486,0,163,8,5,3,0,0,0,118473,1,79,185,118208
Hackett_Genes_NumErrAlns_NoOutliers,NT3,0,0.32486,0,163,8,5,4,0,0,0,118473,60,235,1173,117005
Hackett_Genes_NumErrAlns_NoOutliers,RHOD,0,1.217590,0,159,8,159,0,526,0,0,261199,521,30,146,261028
Hackett_Genes_NumErrAlns_NoOutliers,RHOD,0,1.217590,0,159,8,159,1,526,0,0,261199,533,23,153,261016
Hackett_Genes_NumErrAlns_NoOutliers,RHOD,0,1.217590,0,159,8,159,2,526,0,0,261199,521,5,171,261028
Hackett_Genes_NumErrAlns_NoOutliers,RHOD,0,1.217590,0,159,8,159,3,526,0,0,261199,546,6,170,261003
Hackett_Genes_NumErrAlns_NoOutliers,RHOD,0,1.217590,0,159,8,159,4,526,0,0,261199,530,1,175,261019
Hackett_Genes_NumErrAlns_NoOutliers,RHOD,0,1.217590,0,159,8,50,0,526,0,0,261199,559,51,301,260814
Hackett_Genes_NumErrAlns_NoOutliers,RHOD,0,1.217590,0,159,8,50,1,526,0,0,261199,501,139,213,260872
Hackett_Genes_NumErrAlns_NoOutliers,RHOD,0,1.217590,0,159,8,50,2,526,0,0,261199,556,148,204,260817
Hackett_Genes_NumErrAlns_NoOutliers,RHOD,0,1.217590,0,159,8,50,3,526,0,0,261199,511,202,150,260862
Hackett_Genes_NumErrAlns_NoOutliers,RHOD,0,1.217590,0,159,8,50,4,526,0,0,261199,573,48,304,260800
Hackett_Genes_NumErrAlns_NoOutliers,RHOD,0,1.217590,0,159,8,20,0,526,0,0,261199,535,0,88,261102
Hackett_Genes_NumErrAlns_NoOutliers,RHOD,0,1.217590,0,159,8,20,1,526,0,0,261199,626,103,601,260395
Hackett_Genes_NumErrAlns_NoOutliers,RHOD,0,1.217590,0,159,8,20,2,526,0,0,261199,573,147,557,260448
Hackett_Genes_NumErrAlns_NoOutliers,RHOD,0,1.217590,0,159,8,20,3,526,0,0,261199,554,243,461,260467
Hackett_Genes_NumErrAlns_NoOutliers,RHOD,0,1.217590,0,159,8,20,4,526,0,0,261199,582,163,541,260439
Hackett_Genes_NumErrAlns_NoOutliers,RHOD,0,1.217590,0,159,8,10,0,526,0,0,261199,568,238,642,260277
Hackett_Genes_NumErrAlns_NoOutliers,RHOD,0,1.217590,0,159,8,10,1,526,0,0,261199,551,58,470,260646
Hackett_Genes_NumErrAlns_NoOutliers,RHOD,0,1.217590,0,159,8,10,2,526,0,0,261199,410,369,1039,259907
Hackett_Genes_NumErrAlns_NoOutliers,RHOD,0,1.217590,0,159,8,10,3,526,0,0,261199,544,369,1039,259773
Hackett_Genes_NumErrAlns_NoOutliers,RHOD,0,1.217590,0,159,8,10,4,526,0,0,261199,498,31,145,261051
Hackett_Genes_NumErrAlns_NoOutliers,RHOD,0,1.217590,0,159,8,5,0,526,0,0,261199,534,236,820,260135
Hackett_Genes_NumErrAlns_NoOutliers,RHOD,0,1.217590,0,159,8,5,1,526,0,0,261199,614,241,463,260407
Hackett_Genes_NumErrAlns_NoOutliers,RHOD,0,1.217590,0,159,8,5,2,526,0,0,261199,527,302,754,260142
Hackett_Genes_NumErrAlns_NoOutliers,RHOD,0,1.217590,0,159,8,5,3,526,0,0,261199,551,93,259,260822
Hackett_Genes_NumErrAlns_NoOutliers,RHOD,0,1.217590,0,159,8,5,4,526,0,0,261199,645,450,1486,259144
Hackett_Genes_NumErrAlns_NoOutliers,SOMA,0,0.69148,0,161,8,161,0,200,0,0,214111,230,0,176,213905
Hackett_Genes_NumErrAlns_NoOutliers,SOMA,0,0.69148,0,161,8,161,1,200,0,0,214111,185,100,76,213950
Hackett_Genes_NumErrAlns_NoOutliers,SOMA,0,0.69148,0,161,8,161,2,200,0,0,214111,208,72,104,213927
Hackett_Genes_NumErrAlns_NoOutliers,SOMA,0,0.69148,0,161,8,161,3,200,0,0,214111,214,59,117,213921
Hackett_Genes_NumErrAlns_NoOutliers,SOMA,0,0.69148,0,161,8,161,4,200,0,0,214111,216,59,117,213919
Hackett_Genes_NumErrAlns_NoOutliers,SOMA,0,0.69148,0,161,8,50,0,200,0,0,214111,223,93,259,213736
Hackett_Genes_NumErrAlns_NoOutliers,SOMA,0,0.69148,0,161,8,50,1,200,0,0,214111,226,75,277,213733
Hackett_Genes_NumErrAlns_NoOutliers,SOMA,0,0.69148,0,161,8,50,2,200,0,0,214111,215,182,170,213744
Hackett_Genes_NumErrAlns_NoOutliers,SOMA,0,0.69148,0,161,8,50,3,200,0,0,214111,215,131,221,213744
Hackett_Genes_NumErrAlns_NoOutliers,SOMA,0,0.69148,0,161,8,50,4,200,0,0,214111,200,59,29,214023
Hackett_Genes_NumErrAlns_NoOutliers,SOMA,0,0.69148,0,161,8,20,0,200,0,0,214111,242,123,669,213277
Hackett_Genes_NumErrAlns_NoOutliers,SOMA,0,0.69148,0,161,8,20,1,200,0,0,214111,226,222,570,213293
Hackett_Genes_NumErrAlns_NoOutliers,SOMA,0,0.69148,0,161,8,20,2,200,0,0,214111,237,255,537,213282
Hackett_Genes_NumErrAlns_NoOutliers,SOMA,0,0.69148,0,161,8,20,3,200,0,0,214111,218,4,172,213917
Hackett_Genes_NumErrAlns_NoOutliers,SOMA,0,0.69148,0,161,8,20,4,200,0,0,214111,235,341,451,213284
Hackett_Genes_NumErrAlns_NoOutliers,SOMA,0,0.69148,0,161,8,10,0,200,0,0,214111,213,109,595,213394
Hackett_Genes_NumErrAlns_NoOutliers,SOMA,0,0.69148,0,161,8,10,1,200,0,0,214111,292,162,1334,212523
Hackett_Genes_NumErrAlns_NoOutliers,SOMA,0,0.69148,0,161,8,10,2,200,0,0,214111,247,340,892,212832
Hackett_Genes_NumErrAlns_NoOutliers,SOMA,0,0.69148,0,161,8,10,3,200,0,0,214111,249,395,1101,212566
Hackett_Genes_NumErrAlns_NoOutliers,SOMA,0,0.69148,0,161,8,10,4,200,0,0,214111,251,274,870,212916
Hackett_Genes_NumErrAlns_NoOutliers,SOMA,0,0.69148,0,161,8,5,0,200,0,0,214111,249,170,710,213182
Hackett_Genes_NumErrAlns_NoOutliers,SOMA,0,0.69148,0,161,8,5,1,200,0,0,214111,250,350,1058,212653
Hackett_Genes_NumErrAlns_NoOutliers,SOMA,0,0.69148,0,161,8,5,2,200,0,0,214111,225,428,1244,212414
Hackett_Genes_NumErrAlns_NoOutliers,SOMA,0,0.69148,0,161,8,5,3,200,0,0,214111,200,14,74,214023
Hackett_Genes_NumErrAlns_NoOutliers,SOMA,0,0.69148,0,161,8,5,4,200,0,0,214111,191,94,522,213504
Hackett_Genes_NumErrAlns_NoOutliers,TGF,0,0.6172799,0,169,8,169,0,60,0,0,99514,74,2,174,99324
Hackett_Genes_NumErrAlns_NoOutliers,TGF,0,0.6172799,0,169,8,169,1,60,0,0,99514,72,63,113,99326
Hackett_Genes_NumErrAlns_NoOutliers,TGF,0,0.6172799,0,169,8,169,2,60,0,0,99514,77,0,176,99321
Hackett_Genes_NumErrAlns_NoOutliers,TGF,0,0.6172799,0,169,8,169,3,60,0,0,99514,10,13,163,99388
Hackett_Genes_NumErrAlns_NoOutliers,TGF,0,0.6172799,0,169,8,169,4,60,0,0,99514,65,51,125,99333
Hackett_Genes_NumErrAlns_NoOutliers,TGF,0,0.6172799,0,169,8,50,0,60,0,0,99514,69,159,193,99153
Hackett_Genes_NumErrAlns_NoOutliers,TGF,0,0.6172799,0,169,8,50,1,60,0,0,99514,33,7,257,99277
Hackett_Genes_NumErrAlns_NoOutliers,TGF,0,0.6172799,0,169,8,50,2,60,0,0,99514,27,62,290,99195
Hackett_Genes_NumErrAlns_NoOutliers,TGF,0,0.6172799,0,169,8,50,3,60,0,0,99514,76,60,292,99146
Hackett_Genes_NumErrAlns_NoOutliers,TGF,0,0.6172799,0,169,8,50,4,60,0,0,99514,75,71,281,99147
Hackett_Genes_NumErrAlns_NoOutliers,TGF,0,0.6172799,0,169,8,20,0,60,0,0,99514,58,37,755,98724
Hackett_Genes_NumErrAlns_NoOutliers,TGF,0,0.6172799,0,169,8,20,1,60,0,0,99514,46,169,623,98736
Hackett_Genes_NumErrAlns_NoOutliers,TGF,0,0.6172799,0,169,8,20,2,60,0,0,99514,73,32,232,99237
Hackett_Genes_NumErrAlns_NoOutliers,TGF,0,0.6172799,0,169,8,20,3,60,0,0,99514,27,115,677,98755
Hackett_Genes_NumErrAlns_NoOutliers,TGF,0,0.6172799,0,169,8,20,4,60,0,0,99514,64,104,688,98718
Hackett_Genes_NumErrAlns_NoOutliers,TGF,0,0.6172799,0,169,8,10,0,60,0,0,99514,72,162,1334,98006
Hackett_Genes_NumErrAlns_NoOutliers,TGF,0,0.6172799,0,169,8,10,1,60,0,0,99514,111,96,1400,97967
Hackett_Genes_NumErrAlns_NoOutliers,TGF,0,0.6172799,0,169,8,10,2,60,0,0,99514,91,100,1396,97987
Hackett_Genes_NumErrAlns_NoOutliers,TGF,0,0.6172799,0,169,8,10,3,60,0,0,99514,67,142,738,98627
Hackett_Genes_NumErrAlns_NoOutliers,TGF,0,0.6172799,0,169,8,10,4,60,0,0,99514,101,218,1278,97977
Hackett_Genes_NumErrAlns_NoOutliers,TGF,0,0.6172799,0,169,8,5,0,60,0,0,99514,144,277,1923,97230
Hackett_Genes_NumErrAlns_NoOutliers,TGF,0,0.6172799,0,169,8,5,1,60,0,0,99514,56,175,793,98550
Hackett_Genes_NumErrAlns_NoOutliers,TGF,0,0.6172799,0,169,8,5,2,60,0,0,99514,66,0,88,99420
Hackett_Genes_NumErrAlns_NoOutliers,TGF,0,0.6172799,0,169,8,5,3,60,0,0,99514,61,79,361,99073
Hackett_Genes_NumErrAlns_NoOutliers,TGF,0,0.6172799,0,169,8,5,4,60,0,0,99514,17,97,167,99293
Hackett_Genes_NumErrAlns_NoOutliers,TROP,0,0.32438999,0,139,8,139,0,0,0,0,64695,10,21,155,64509
Hackett_Genes_NumErrAlns_NoOutliers,TROP,0,0.32438999,0,139,8,139,1,0,0,0,64695,1,57,119,64518
Hackett_Genes_NumErrAlns_NoOutliers,TROP,0,0.32438999,0,139,8,139,2,0,0,0,64695,8,81,95,64511
Hackett_Genes_NumErrAlns_NoOutliers,TROP,0,0.32438999,0,139,8,139,3,0,0,0,64695,6,63,113,64513
Hackett_Genes_NumErrAlns_NoOutliers,TROP,0,0.32438999,0,139,8,139,4,0,0,0,64695,14,12,164,64505
Hackett_Genes_NumErrAlns_NoOutliers,TROP,0,0.32438999,0,139,8,50,0,0,0,0,64695,17,99,165,64414
Hackett_Genes_NumErrAlns_NoOutliers,TROP,0,0.32438999,0,139,8,50,1,0,0,0,64695,18,75,189,64413
Hackett_Genes_NumErrAlns_NoOutliers,TROP,0,0.32438999,0,139,8,50,2,0,0,0,64695,17,11,253,64414
Hackett_Genes_NumErrAlns_NoOutliers,TROP,0,0.32438999,0,139,8,50,3,0,0,0,64695,11,68,196,64420
Hackett_Genes_NumErrAlns_NoOutliers,TROP,0,0.32438999,0,139,8,50,4,0,0,0,64695,15,21,155,64504
Hackett_Genes_NumErrAlns_NoOutliers,TROP,0,0.32438999,0,139,8,20,0,0,0,0,64695,33,94,522,64046
Hackett_Genes_NumErrAlns_NoOutliers,TROP,0,0.32438999,0,139,8,20,1,0,0,0,64695,25,154,462,64054
Hackett_Genes_NumErrAlns_NoOutliers,TROP,0,0.32438999,0,139,8,20,2,0,0,0,64695,49,29,587,64030
Hackett_Genes_NumErrAlns_NoOutliers,TROP,0,0.32438999,0,139,8,20,3,0,0,0,64695,43,87,529,64036
Hackett_Genes_NumErrAlns_NoOutliers,TROP,0,0.32438999,0,139,8,20,4,0,0,0,64695,43,130,486,64036
Hackett_Genes_NumErrAlns_NoOutliers,TROP,0,0.32438999,0,139,8,10,0,0,0,0,64695,29,164,452,64050
Hackett_Genes_NumErrAlns_NoOutliers,TROP,0,0.32438999,0,139,8,10,1,0,0,0,64695,56,226,1006,63407
Hackett_Genes_NumErrAlns_NoOutliers,TROP,0,0.32438999,0,139,8,10,2,0,0,0,64695,44,76,540,64035
Hackett_Genes_NumErrAlns_NoOutliers,TROP,0,0.32438999,0,139,8,10,3,0,0,0,64695,64,93,1139,63399
Hackett_Genes_NumErrAlns_NoOutliers,TROP,0,0.32438999,0,139,8,10,4,0,0,0,64695,64,191,1041,63399
Hackett_Genes_NumErrAlns_NoOutliers,TROP,0,0.32438999,0,139,8,5,0,0,0,0,64695,9,155,373,64158
Hackett_Genes_NumErrAlns_NoOutliers,TROP,0,0.32438999,0,139,8,5,1,0,0,0,64695,29,173,619,63874
Hackett_Genes_NumErrAlns_NoOutliers,TROP,0,0.32438999,0,139,8,5,2,0,0,0,64695,39,41,223,64392
Hackett_Genes_NumErrAlns_NoOutliers,TROP,0,0.32438999,0,139,8,5,3,0,0,0,64695,72,192,1040,63391
Hackett_Genes_NumErrAlns_NoOutliers,TROP,0,0.32438999,0,139,8,5,4,0,0,0,64695,26,117,323,64229
